Jogador;Temporada;Equipe;Liga;Posição;Jogos;Jogos como Titular;Minutos;FG;FGA;FG%;3P;3PA;3P%;2P;2PA;2P%;eFG%;FT;FTA;FT%;ORB;DRB;TRB;AST;STL;BLK;TOV;PF;PTS;TRP-DOU
Khris Middleton;33;WAS;NBA;SF;14;14;22.1;3.7;9.0;0.41;0.9;3.4;0.28;2.8;5.6;0.49;0.46;2.4;2.7;0.87;0.6;3.1;3.7;3.4;1.3;0.2;1.4;1.6;10.7;
Marcus Smart;30;WAS;NBA;PG;14;0;18.3;3.1;7.3;0.43;1.3;3.4;0.38;1.9;3.9;0.47;0.52;1.6;2.4;0.67;0.3;1.6;1.9;2.7;1.1;0.2;1.3;1.6;9.1;
Richaun Holmes;31;WAS;NBA;PF;31;7;17.2;2.9;4.5;0.65;0.0;0.1;0.00;2.9;4.4;0.66;0.65;1.6;1.9;0.83;2.0;3.7;5.7;1.4;0.3;0.7;0.7;1.6;7.4;
Malcolm Brogdon;32;WAS;NBA;PG;24;13;23.5;4.3;10.0;0.43;0.7;2.3;0.29;3.7;7.7;0.48;0.47;3.4;3.8;0.88;0.9;2.9;3.8;4.1;0.5;0.2;1.6;1.3;12.7;
Jordan Poole;25;WAS;NBA;SG;66;66;29.6;6.7;15.6;0.43;3.5;9.2;0.38;3.2;6.4;0.51;0.54;3.6;4.1;0.89;0.4;2.6;3.0;4.5;1.3;0.4;3.0;2.9;20.6;
Saddiq Bey;24;ATL;NBA;SF;63;51;32.7;4.6;11.1;0.42;1.8;5.7;0.32;2.8;5.4;0.52;0.50;2.7;3.2;0.84;2.7;3.9;6.5;1.5;0.8;0.2;0.9;1.4;13.7;
Anthony Gill;32;WAS;NBA;PF;48;0;7.2;0.8;1.6;0.52;0.2;0.6;0.36;0.6;1.0;0.61;0.58;0.6;0.9;0.66;0.2;0.9;1.1;0.3;0.2;0.0;0.2;0.6;2.5;
Corey Kispert;25;WAS;NBA;SF;61;0;26.3;4.2;9.3;0.45;2.0;5.4;0.36;2.2;3.9;0.57;0.56;1.2;1.4;0.85;0.6;2.4;3.0;1.7;0.4;0.2;1.0;1.6;11.6;
JT Thor;22;WAS;NBA;PF;7;0;18.7;1.7;4.3;0.40;0.3;1.6;0.18;1.4;2.7;0.53;0.43;0.6;1.1;0.50;1.7;2.3;4.0;0.7;0.7;0.4;0.3;1.3;4.3;
Justin Champagnie;23;WAS;NBA;SF;56;25;20.2;3.0;6.0;0.49;1.1;2.9;0.37;1.9;3.2;0.61;0.58;0.8;1.2;0.69;1.6;3.6;5.3;1.0;1.0;0.6;0.8;1.7;7.8;
Bilal Coulibaly;20;WAS;NBA;SF;59;59;33.0;4.5;10.6;0.42;1.1;3.8;0.28;3.4;6.8;0.50;0.47;2.3;3.1;0.75;1.5;3.4;5.0;3.4;1.3;0.7;2.1;2.4;12.3;
Tristan Vukcevic;21;WAS;NBA;C;31;1;13.2;3.0;6.3;0.48;0.9;2.8;0.34;2.1;3.5;0.59;0.55;1.2;1.6;0.76;0.7;2.8;3.5;1.0;0.4;0.6;0.9;1.4;8.2;
Jaylen Martin;24;ORL;NBA;PF;42;1;7.8;1.0;2.5;0.41;0.5;1.4;0.35;0.5;1.1;0.49;0.51;0.2;0.3;0.82;0.3;1.5;1.7;0.4;0.1;0.2;0.3;1.2;2.7;
Kyshawn George;21;WAS;NBA;SG;64;34;26.8;3.0;8.0;0.37;1.7;5.2;0.32;1.3;2.8;0.46;0.47;1.0;1.4;0.76;0.8;3.5;4.3;2.5;1.0;0.8;1.5;3.0;8.6;
Alexandre Sarr;19;WAS;NBA;C;61;61;27.1;4.9;12.2;0.40;1.6;5.1;0.32;3.2;7.1;0.45;0.47;1.7;2.5;0.66;1.9;4.6;6.5;2.2;0.7;1.6;1.6;2.2;13.0;
AJ Johnson;20;WAS;NBA;SG;16;6;24.4;3.2;7.7;0.41;0.9;3.5;0.27;2.3;4.2;0.54;0.48;1.4;1.7;0.85;0.4;2.0;2.4;3.2;0.6;0.1;1.4;1.6;8.8;
Cory Joseph;33;ORL;NBA;PG;46;12;11.6;1.2;3.0;0.40;0.7;2.0;0.37;0.4;0.9;0.47;0.52;0.3;0.4;0.78;0.3;1.1;1.4;1.3;0.5;0.1;0.4;1.0;3.4;
Kentavious Caldwell-Pope;31;ORL;NBA;SG;73;73;30.2;3.2;7.2;0.44;1.5;4.4;0.34;1.7;2.9;0.58;0.54;1.0;1.2;0.86;0.5;1.8;2.2;1.8;1.3;0.5;0.8;1.8;8.8;
Gary Harris;30;ORL;NBA;SG;43;2;14.9;0.9;2.7;0.34;0.6;2.1;0.30;0.3;0.6;0.48;0.46;0.2;0.3;0.58;0.4;1.0;1.4;0.6;0.6;0.3;0.3;1.0;2.7;
Jonathan Isaac;27;ORL;NBA;PF;67;0;15.3;1.8;4.5;0.41;0.6;2.2;0.26;1.3;2.3;0.55;0.47;0.9;1.4;0.67;1.6;2.7;4.3;0.5;0.9;1.1;0.4;1.2;5.2;
Wendell Carter;25;ORL;NBA;C;64;47;25.8;3.3;7.2;0.46;0.6;2.3;0.24;2.7;4.8;0.56;0.50;1.9;2.6;0.74;2.2;5.1;7.3;2.0;0.7;0.6;1.1;3.0;9.0;
Moritz Wagner;27;ORL;NBA;C;30;1;18.8;4.7;8.3;0.56;0.9;2.5;0.36;3.8;5.8;0.65;0.62;2.6;3.7;0.72;1.3;3.6;4.9;1.4;0.8;0.4;1.6;1.8;12.9;
Goga Bitadze;25;ORL;NBA;C;66;41;20.6;3.0;4.8;0.62;0.0;0.4;0.12;2.9;4.4;0.66;0.62;1.2;1.9;0.63;2.4;4.3;6.7;1.9;0.7;1.4;1.0;2.2;7.2;
Cole Anthony;24;ORL;NBA;PG;62;22;18.6;3.5;8.3;0.42;1.1;3.2;0.35;2.4;5.1;0.47;0.49;1.4;1.7;0.82;0.7;2.4;3.1;2.9;0.7;0.5;1.6;2.3;9.6;
Trevelin Queen;27;ORL;NBA;SG;29;2;13.6;1.6;4.6;0.35;0.6;2.4;0.25;1.0;2.2;0.46;0.41;0.5;0.6;0.88;0.8;0.8;1.6;1.2;1.0;0.3;0.8;1.3;4.3;
Franz Wagner;23;ORL;NBA;SF;57;57;33.8;8.9;19.4;0.46;1.7;5.9;0.29;7.2;13.5;0.54;0.51;4.6;5.3;0.87;0.9;4.7;5.7;4.8;1.2;0.4;2.4;2.5;24.2;
Jalen Suggs;23;ORL;NBA;PG;35;35;28.6;5.6;13.7;0.41;2.2;6.9;0.31;3.5;6.8;0.51;0.49;2.8;3.1;0.88;0.7;3.4;4.0;3.7;1.5;0.9;2.9;2.8;16.2;
Mac McClung;26;ORL;NBA;SG;2;0;5.0;0.0;1.0;0.00;0.0;0.5;0.00;0.0;0.5;0.00;0.00;0.0;0.0;;0.0;0.5;0.5;1.5;0.0;0.0;0.0;1.0;0.0;
Paolo Banchero;22;ORL;NBA;PF;43;43;34.3;8.9;19.7;0.45;1.9;5.9;0.31;7.0;13.7;0.51;0.50;6.1;8.4;0.73;1.1;6.2;7.3;4.7;0.8;0.6;3.0;2.1;25.8;
Caleb Houstan;22;ORL;NBA;SF;53;5;12.6;1.3;3.1;0.41;1.1;2.7;0.40;0.2;0.4;0.48;0.58;0.2;0.3;0.93;0.3;0.8;1.1;0.5;0.3;0.1;0.2;1.1;3.8;
Anthony Black;21;ORL;NBA;PG;73;9;23.9;3.3;7.7;0.42;0.8;2.5;0.31;2.5;5.2;0.47;0.47;2.0;2.6;0.76;0.6;2.2;2.8;3.1;1.1;0.6;1.8;2.1;9.2;
Jett Howard;21;ORL;NBA;SF;57;0;11.1;1.5;4.1;0.36;0.9;3.0;0.30;0.6;1.1;0.51;0.46;0.3;0.4;0.75;0.4;0.8;1.2;0.7;0.2;0.2;0.5;1.0;4.1;
De'Anthony Melton;26;GSW;NBA;SG;6;2;20.2;3.7;9.0;0.41;2.2;5.8;0.37;1.5;3.2;0.47;0.53;0.8;1.3;0.62;1.0;2.3;3.3;2.8;1.2;0.3;1.7;3.0;10.3;
Cameron Johnson;29;NOH;NBA;PG;15;0;7.9;0.7;2.3;0.31;0.3;1.0;0.27;0.5;1.3;0.35;0.37;0.1;0.2;0.33;0.1;0.5;0.6;1.5;0.5;0.0;0.5;0.7;1.8;
Nicolas Claxton;25;BRK;NBA;C;66;58;27.3;4.5;8.2;0.55;0.0;0.3;0.16;4.5;7.9;0.56;0.55;1.2;2.3;0.51;2.3;5.3;7.6;2.2;0.9;1.5;1.3;2.2;10.2;
Ziaire Williams;24;NOP;NBA;PF;30;30;28.6;9.6;16.9;0.57;0.1;0.4;0.23;9.5;16.5;0.58;0.57;5.3;8.0;0.66;2.5;4.7;7.2;5.3;1.2;0.9;3.0;2.7;24.6;
Cam Thomas;28;CLE;NBA;SG;29;0;9.4;0.9;2.4;0.39;0.5;1.3;0.40;0.4;1.1;0.38;0.49;0.3;0.4;0.61;0.2;1.1;1.3;0.3;0.6;0.2;0.4;0.9;2.7;
Day'Ron Sharpe;23;BRK;NBA;C;50;2;18.1;3.3;6.3;0.52;0.2;0.9;0.24;3.1;5.4;0.57;0.54;1.1;1.5;0.76;3.0;3.6;6.6;1.8;0.8;0.8;1.3;2.3;7.9;
Trendon Watford;24;BRK;NBA;PF;38;0;19.9;3.5;7.7;0.46;0.7;2.1;0.32;2.8;5.6;0.51;0.50;1.8;2.4;0.75;0.7;2.6;3.3;2.4;0.7;0.3;1.8;2.1;9.5;
Tyrese Martin;25;BRK;NBA;SG;57;10;21.8;3.1;7.6;0.41;1.7;4.7;0.36;1.4;3.0;0.48;0.52;0.8;1.0;0.79;1.0;2.7;3.7;2.0;0.6;0.1;1.1;1.3;8.7;
Noah Clowney;20;BRK;NBA;PF;46;20;22.7;2.9;8.1;0.36;1.9;5.7;0.33;1.0;2.4;0.41;0.47;1.5;1.7;0.84;0.9;3.0;3.9;0.9;0.5;0.5;1.0;2.3;9.1;
Dariq Whitehead;20;BRK;NBA;SF;14;0;9.1;1.5;3.7;0.40;1.3;3.1;0.42;0.2;0.6;0.33;0.58;0.1;0.2;0.33;0.1;0.9;1.1;0.4;0.3;0.1;0.6;0.6;4.4;
Maxwell Lewis;21;TOR;NBA;SF;9;0;5.6;0.7;1.6;0.43;0.1;0.3;0.33;0.6;1.2;0.46;0.46;0.1;0.2;0.50;0.4;0.2;0.7;0.4;0.1;0.2;0.1;0.9;1.6;
Drew Timme;24;BRK;NBA;PF;3;0;24.7;5.7;9.3;0.61;0.7;3.0;0.22;5.0;6.3;0.79;0.64;1.0;1.3;0.75;2.7;3.7;6.3;1.7;0.0;0.3;1.7;2.3;13.0;
Tosan Evbuomwan;23;BRK;NBA;SF;22;0;23.5;3.3;7.6;0.43;0.8;2.6;0.30;2.5;5.0;0.50;0.48;1.9;2.5;0.74;1.2;2.8;4.0;1.6;0.7;0.3;1.4;1.8;9.2;
Reece Beekman;23;BRK;NBA;PG;29;0;11.6;0.8;2.7;0.30;0.2;1.1;0.19;0.6;1.6;0.38;0.34;0.4;0.6;0.71;0.2;0.6;0.9;1.3;0.7;0.1;0.6;0.8;2.2;
Mike Conley;37;MIN;NBA;PG;65;58;25.0;2.7;6.7;0.41;1.9;4.4;0.42;0.8;2.2;0.38;0.55;1.2;1.3;0.90;0.5;2.1;2.5;4.5;1.2;0.2;1.1;1.6;8.5;
Julius Randle;30;MIN;NBA;PF;63;63;32.3;6.6;13.7;0.48;1.5;4.5;0.33;5.1;9.3;0.55;0.54;4.2;5.1;0.81;2.1;4.9;7.0;4.7;0.7;0.2;2.8;2.5;18.9;
Rudy Gobert;32;MIN;NBA;C;66;66;33.0;4.4;6.8;0.66;0.0;0.0;;4.4;6.8;0.66;0.66;2.5;3.6;0.68;3.6;7.0;10.6;1.8;0.8;1.4;1.3;2.5;11.3;
Joe Ingles;37;MIN;NBA;SF;19;1;6.0;0.3;1.2;0.26;0.2;0.8;0.20;0.2;0.4;0.38;0.33;0.0;0.0;;0.1;0.5;0.6;1.2;0.1;0.0;0.5;0.6;0.8;
Donte DiVincenzo;28;MIN;NBA;SG;56;10;26.1;4.0;9.6;0.42;2.8;7.1;0.39;1.2;2.5;0.48;0.56;0.9;1.1;0.79;0.5;3.2;3.8;3.8;1.2;0.3;1.5;1.8;11.6;
Nickeil Alexander-Walker;26;MIN;NBA;SG;76;10;25.3;3.3;7.6;0.44;1.8;4.5;0.39;1.6;3.1;0.51;0.56;1.1;1.4;0.78;0.6;2.6;3.2;2.6;0.6;0.4;1.2;1.7;9.5;
Naz Reid;25;MIN;NBA;C;74;17;27.6;5.4;11.7;0.46;2.3;5.9;0.39;3.1;5.8;0.54;0.56;1.4;1.8;0.77;1.1;4.9;6.1;2.3;0.8;0.9;1.3;2.4;14.4;
Anthony Edwards;23;MIN;NBA;SG;73;73;36.3;9.0;20.4;0.44;4.0;10.2;0.39;5.0;10.2;0.49;0.54;5.3;6.3;0.84;0.8;5.0;5.8;4.6;1.1;0.6;3.2;1.8;27.3;
Jaden McDaniels;27;WAS;NBA;SF;4;0;1.8;0.0;0.0;;0.0;0.0;;0.0;0.0;;;0.0;0.0;;0.0;0.0;0.0;0.3;0.3;0.0;0.0;0.0;0.0;
Luka Garza;26;MIN;NBA;C;37;0;5.8;1.4;2.8;0.49;0.3;1.0;0.28;1.1;1.8;0.60;0.54;0.6;0.9;0.70;0.8;0.6;1.4;0.3;0.2;0.1;0.3;0.8;3.6;
Bones Hyland;24;MIN;NBA;PG;3;0;5.0;0.7;1.0;0.67;0.3;0.7;0.50;0.3;0.3;1.00;0.83;0.0;0.0;;0.0;0.0;0.0;1.3;0.0;0.0;0.3;1.0;1.7;
Leonard Miller;21;MIN;NBA;SF;11;0;2.6;0.5;1.3;0.36;0.0;0.5;0.00;0.5;0.8;0.56;0.36;0.7;0.7;1.00;0.3;0.7;1.0;0.0;0.2;0.1;0.2;0.2;1.6;
Josh Minott;22;MIN;NBA;SF;43;0;6.3;1.0;2.1;0.48;0.3;1.0;0.31;0.7;1.1;0.64;0.56;0.3;0.3;0.87;0.3;0.8;1.1;0.4;0.3;0.3;0.3;0.8;2.6;
Rob Dillingham;20;MIN;NBA;PG;46;1;11.1;2.0;4.6;0.44;0.5;1.6;0.34;1.5;3.0;0.50;0.50;0.2;0.3;0.53;0.3;0.8;1.1;2.1;0.4;0.0;1.1;0.8;4.8;
Terrence Shannon;24;MIN;NBA;SG;31;1;10.8;1.8;3.7;0.48;0.4;1.0;0.35;1.4;2.7;0.53;0.53;0.5;0.7;0.81;0.3;1.2;1.5;1.0;0.2;0.2;0.5;0.8;4.5;
Tristen Newton;23;MIN;NBA;SG;3;0;2.7;0.0;0.7;0.00;0.0;0.0;;0.0;0.7;0.00;0.00;0.0;0.0;;0.7;0.7;1.3;0.3;0.3;0.0;0.3;0.7;0.0;
Kevin Love;36;MIA;NBA;PF;23;9;10.9;1.8;5.0;0.36;1.0;2.9;0.36;0.7;2.1;0.35;0.46;0.7;1.0;0.70;1.0;3.1;4.1;1.0;0.7;0.2;0.6;0.9;5.3;
Kyle Anderson;31;MIA;NBA;SF;19;1;16.3;2.4;4.8;0.51;0.3;0.8;0.40;2.1;4.0;0.53;0.54;1.2;1.5;0.79;1.0;2.2;3.2;2.2;0.5;0.2;0.7;1.4;6.4;
Andrew Wiggins;29;MIA;NBA;SF;15;15;33.0;7.1;15.2;0.47;2.2;6.0;0.37;4.9;9.2;0.53;0.54;3.6;4.7;0.76;1.2;2.9;4.1;3.2;1.1;1.1;2.7;1.9;19.9;
Alec Burks;33;MIA;NBA;SG;44;9;17.3;2.2;5.1;0.43;1.7;3.9;0.43;0.5;1.2;0.43;0.59;0.8;1.0;0.76;0.3;2.2;2.5;1.1;0.6;0.2;0.5;0.7;6.8;
Terry Rozier;30;MIA;NBA;PG;61;23;26.3;4.0;10.2;0.40;1.5;4.9;0.30;2.5;5.2;0.48;0.47;1.5;1.8;0.85;0.7;3.1;3.7;2.7;0.6;0.2;1.2;1.2;11.1;
Bam Adebayo;27;MIA;NBA;C;74;74;34.3;6.8;14.0;0.49;0.9;2.7;0.34;5.9;11.3;0.52;0.52;3.2;4.2;0.76;2.4;7.2;9.6;4.3;1.2;0.7;2.1;2.1;17.7;
Duncan Robinson;30;MIA;NBA;SF;68;35;24.4;3.9;9.0;0.43;2.5;6.5;0.39;1.4;2.5;0.56;0.57;0.6;0.7;0.88;0.2;2.0;2.3;2.5;0.6;0.1;1.2;1.9;11.0;
Haywood Highsmith;28;MIA;NBA;SF;68;40;24.6;2.4;5.1;0.46;1.2;3.0;0.39;1.2;2.1;0.57;0.58;0.4;0.6;0.73;0.9;2.4;3.3;1.5;1.0;0.5;0.7;2.2;6.4;
Tyler Herro;25;MIA;NBA;SG;73;73;35.6;8.4;17.9;0.47;3.3;8.9;0.37;5.1;9.0;0.56;0.56;3.7;4.2;0.87;0.4;4.7;5.2;5.6;0.9;0.2;2.5;1.1;23.7;
Davion Mitchell;26;MIA;NBA;PG;24;14;31.6;3.7;7.4;0.50;1.5;3.1;0.47;2.3;4.3;0.53;0.60;0.9;1.3;0.66;0.7;2.0;2.6;5.0;1.3;0.3;1.7;2.3;9.8;
Josh Christopher;23;MIA;NBA;SG;11;0;3.0;0.3;0.9;0.30;0.1;0.4;0.25;0.2;0.5;0.33;0.35;0.2;0.4;0.50;0.0;0.5;0.5;0.4;0.0;0.1;0.5;0.2;0.8;
Dru Smith;27;MIA;NBA;SG;14;1;19.1;2.2;4.4;0.51;1.1;2.1;0.53;1.1;2.2;0.48;0.64;0.6;0.9;0.75;0.9;1.7;2.6;1.6;1.5;0.4;1.2;2.1;6.2;
Nikola Jović;21;MIA;NBA;PF;46;10;25.1;3.7;8.2;0.46;1.7;4.6;0.37;2.0;3.6;0.56;0.56;1.6;1.9;0.83;0.6;3.3;3.9;2.8;0.8;0.3;1.3;1.8;10.7;
Jaime Jaquez;23;MIA;NBA;SF;63;16;20.6;3.0;6.7;0.45;0.5;1.7;0.31;2.5;5.0;0.49;0.48;1.6;2.1;0.76;1.3;3.0;4.3;2.4;0.9;0.2;1.5;1.2;8.1;
Kel'el Ware;20;MIA;NBA;C;58;30;21.8;3.9;6.9;0.56;0.6;1.7;0.32;3.3;5.2;0.64;0.60;0.7;1.0;0.69;1.7;5.4;7.1;0.9;0.6;1.1;0.9;1.7;9.0;
Pelle Larsson;23;MIA;NBA;SG;52;5;13.3;1.6;3.6;0.45;0.6;1.6;0.34;1.0;1.9;0.54;0.52;0.7;1.1;0.69;0.5;1.1;1.6;1.1;0.5;0.1;0.4;1.6;4.5;
Luke Kennard;28;MEM;NBA;SG;61;11;22.7;3.3;6.8;0.48;1.8;4.1;0.44;1.5;2.7;0.55;0.61;0.8;0.9;0.89;0.6;2.1;2.7;3.4;0.8;0.1;1.1;0.9;9.1;
Jaren Jackson;34;ORL;NBA;SG;9;0;16.0;1.7;4.1;0.41;0.8;2.2;0.35;0.9;1.9;0.47;0.50;0.2;0.4;0.50;0.1;1.8;1.9;0.9;0.6;0.0;0.9;1.4;4.3;
Ja Morant;25;MEM;NBA;PG;46;46;30.2;7.9;17.3;0.45;1.6;5.4;0.30;6.3;12.0;0.52;0.50;5.3;6.5;0.83;0.6;3.6;4.2;7.4;1.3;0.2;3.8;2.2;22.7;
Brandon Clarke;28;MEM;NBA;PF;64;18;18.9;3.7;5.9;0.62;0.0;0.3;0.06;3.7;5.7;0.65;0.62;1.0;1.4;0.70;2.0;3.1;5.1;1.0;0.8;0.6;0.6;2.3;8.3;
John Konchar;28;MEM;NBA;SG;42;4;12.2;0.9;2.0;0.43;0.5;1.4;0.36;0.4;0.6;0.59;0.55;0.2;0.2;0.88;0.8;2.5;3.3;0.9;0.5;0.3;0.4;0.8;2.4;
Desmond Bane;26;MEM;NBA;SG;64;63;31.8;7.0;14.4;0.48;2.3;5.9;0.39;4.7;8.5;0.55;0.56;2.5;2.9;0.89;0.9;5.1;6.0;5.4;1.2;0.4;2.5;2.4;18.8;
Lamar Stevens;27;MEM;NBA;PF;12;0;9.1;1.2;2.9;0.40;0.4;1.3;0.31;0.8;1.6;0.47;0.47;0.6;0.8;0.78;0.3;2.2;2.4;0.4;0.3;0.3;0.6;0.9;3.3;
Santi Aldama;24;MEM;NBA;PF;60;16;25.4;5.0;10.3;0.48;1.9;5.0;0.37;3.1;5.2;0.60;0.57;1.0;1.5;0.70;1.5;5.0;6.6;2.9;0.8;0.5;1.1;1.1;12.8;
Jay Huff;26;MEM;NBA;C;60;2;11.8;2.5;4.8;0.51;1.3;3.2;0.41;1.2;1.6;0.72;0.65;0.7;0.9;0.78;0.5;1.6;2.1;0.6;0.2;0.8;0.5;1.3;6.9;
Scotty Pippen;38;CHI;NBA;SF;23;6;17.9;2.3;6.1;0.38;0.6;2.1;0.27;1.7;4.0;0.43;0.42;0.7;1.2;0.63;0.9;2.1;3.0;2.2;0.9;0.4;1.3;1.7;5.9;
Vince Williams;24;MEM;NBA;SG;23;2;18.4;2.5;6.3;0.40;0.9;3.5;0.26;1.6;2.7;0.57;0.47;0.7;1.0;0.77;0.7;2.7;3.4;2.0;0.5;0.2;1.3;1.7;6.6;
Zach Edey;22;MEM;NBA;C;61;50;20.7;3.8;6.6;0.57;0.3;0.8;0.38;3.5;5.9;0.60;0.60;1.3;1.8;0.72;3.5;4.2;7.7;0.9;0.5;1.3;1.2;2.7;9.2;
Jaylen Wells;21;MEM;NBA;SG;76;71;25.9;3.7;8.6;0.43;1.8;5.0;0.35;1.9;3.6;0.52;0.53;1.4;1.7;0.83;1.1;2.2;3.3;1.7;0.6;0.1;0.9;1.9;10.5;
Cam Spencer;24;MEM;NBA;SG;21;0;9.6;1.1;2.8;0.41;0.6;1.7;0.36;0.5;1.0;0.50;0.53;0.8;0.8;1.00;0.4;0.9;1.3;1.2;0.3;0.0;0.2;0.9;3.7;
Yuki Kawamura;23;MEM;NBA;PG;20;0;3.2;0.4;1.1;0.36;0.2;0.8;0.25;0.2;0.3;0.67;0.46;0.2;0.3;0.67;0.0;0.4;0.4;0.7;0.1;0.0;0.2;0.4;1.2;
Kyle Lowry;38;PHI;NBA;PG;34;12;18.8;1.1;3.3;0.35;0.8;2.5;0.33;0.3;0.8;0.39;0.47;0.8;1.0;0.82;0.3;1.6;1.9;2.8;1.0;0.3;0.6;1.8;3.9;
Eric Gordon;36;PHI;NBA;SG;39;13;19.7;2.2;5.2;0.43;1.4;3.5;0.41;0.8;1.7;0.46;0.56;0.9;1.2;0.75;0.2;1.0;1.2;1.7;0.7;0.3;0.7;0.8;6.8;
Joel Embiid;30;PHI;NBA;C;19;19;30.2;7.4;16.6;0.44;1.2;4.1;0.30;6.2;12.5;0.49;0.48;7.8;8.9;0.88;1.9;6.3;8.2;4.5;0.7;0.9;3.3;2.2;23.8;
Paul George;34;PHI;NBA;PF;41;41;32.5;6.0;13.9;0.43;2.3;6.5;0.36;3.6;7.4;0.49;0.51;1.9;2.4;0.81;0.6;4.8;5.3;4.3;1.8;0.5;2.6;2.5;16.2;
Andre Drummond;31;PHI;NBA;C;40;23;18.8;2.9;5.9;0.50;0.1;0.5;0.15;2.9;5.4;0.53;0.51;1.4;2.3;0.62;2.7;5.0;7.8;0.9;1.0;0.5;1.4;2.4;7.3;
Kelly Oubre;29;PHI;NBA;SF;60;57;34.6;5.8;12.4;0.47;1.2;4.0;0.29;4.6;8.3;0.56;0.52;2.3;3.1;0.75;1.6;4.5;6.1;1.8;1.5;0.5;1.3;3.0;15.1;
Guerschon Yabusele;29;PHI;NBA;C;68;41;26.8;3.9;7.8;0.50;1.5;3.8;0.38;2.4;4.0;0.61;0.59;1.4;1.9;0.72;1.9;3.8;5.7;2.1;0.8;0.4;1.3;2.4;10.7;
Chuma Okeke;26;PHI;NBA;PF;7;3;24.4;2.6;4.7;0.55;1.4;3.1;0.46;1.1;1.6;0.73;0.70;0.3;0.4;0.67;2.9;3.3;6.1;1.9;0.7;0.4;0.4;0.7;6.9;
Tyrese Maxey;24;PHI;NBA;PG;52;52;37.7;9.2;21.0;0.44;3.1;9.2;0.34;6.1;11.8;0.52;0.51;4.9;5.6;0.88;0.3;3.1;3.3;6.1;1.8;0.4;2.4;2.2;26.3;
Quentin Grimes;24;PHI;NBA;SG;23;20;33.3;7.8;16.0;0.49;2.9;7.5;0.38;5.0;8.5;0.58;0.58;3.5;4.6;0.76;1.0;3.9;4.9;4.3;1.6;0.5;2.8;2.1;22.0;
Jeff Dowtin;27;PHI;NBA;PG;39;3;14.4;2.6;5.2;0.49;0.6;1.6;0.39;1.9;3.7;0.53;0.55;0.7;1.0;0.74;0.3;1.2;1.5;1.8;0.5;0.3;0.4;0.7;6.5;
Colin Castleton;24;TOR;NBA;C;10;4;25.9;2.7;5.7;0.47;0.2;0.8;0.25;2.5;4.9;0.51;0.49;1.3;1.7;0.77;3.3;4.1;7.4;1.8;0.6;0.8;2.1;2.6;6.9;
Marcus Bagley;25;MEM;NBA;PF;9;0;7.2;0.7;1.8;0.38;0.1;0.7;0.17;0.6;1.1;0.50;0.41;0.6;0.9;0.62;0.7;1.1;1.8;0.1;0.1;0.3;0.0;0.3;2.0;
Jared McCain;20;PHI;NBA;SG;23;8;25.7;5.5;11.9;0.46;2.2;5.8;0.38;3.3;6.1;0.53;0.55;2.1;2.4;0.88;0.6;1.9;2.4;2.6;0.7;0.0;1.6;1.6;15.3;
Justin Edwards;21;PHI;NBA;SF;42;24;26.5;4.0;8.7;0.46;1.6;4.4;0.37;2.4;4.3;0.55;0.55;0.7;1.0;0.70;1.1;2.2;3.3;1.6;1.0;0.4;1.1;2.3;10.3;
Alex Reese;25;PHI;NBA;PF;12;0;16.4;1.9;3.9;0.49;1.1;2.9;0.37;0.8;1.0;0.83;0.63;0.7;0.8;0.80;0.7;2.8;3.5;0.3;0.8;0.7;0.4;1.7;5.6;
Giannis Antetokounmpo;30;MIL;NBA;PF;62;62;34.0;11.9;19.8;0.60;0.2;0.9;0.20;11.7;18.9;0.62;0.61;6.4;10.5;0.61;2.2;9.5;11.8;6.0;0.9;1.2;3.2;2.5;30.4;
Brook Lopez;36;MIL;NBA;C;74;74;32.1;4.9;9.6;0.51;1.8;4.7;0.37;3.1;4.9;0.64;0.60;1.4;1.7;0.83;1.4;3.6;5.0;1.8;0.7;1.8;1.1;2.2;13.0;
Damian Lillard;34;MIL;NBA;PG;58;58;36.1;7.7;17.1;0.45;3.4;9.0;0.38;4.3;8.1;0.53;0.55;6.2;6.8;0.92;0.5;4.2;4.7;7.1;1.2;0.2;2.8;1.7;24.9;
Bobby Portis;29;MIL;NBA;PF;46;7;25.2;5.6;12.1;0.46;1.3;3.6;0.36;4.3;8.5;0.51;0.52;1.2;1.5;0.82;1.8;6.5;8.3;2.2;0.7;0.5;1.2;1.9;13.7;
Pat Connaughton;32;MIL;NBA;SG;37;0;14.2;1.6;3.7;0.45;0.5;1.8;0.30;1.1;1.9;0.59;0.52;0.4;0.5;0.79;0.5;2.1;2.5;1.6;0.2;0.3;0.6;1.1;4.2;
Taurean Prince;35;MIN;NBA;SF;77;44;19.0;1.3;3.0;0.45;0.1;0.3;0.17;1.3;2.7;0.48;0.45;0.2;0.2;0.68;0.4;1.5;1.9;0.9;0.5;0.2;0.4;0.8;2.9;
Kyle Kuzma;29;MIL;NBA;PF;26;25;33.7;5.3;12.3;0.43;1.4;4.7;0.30;3.9;7.7;0.51;0.49;2.4;3.5;0.69;0.8;5.5;6.3;2.3;0.4;0.3;2.2;2.2;14.5;
Gary Trent;29;MIN;NBA;C;68;2;15.1;2.3;4.8;0.47;0.0;0.1;0.00;2.3;4.7;0.48;0.47;1.0;1.3;0.76;1.2;2.0;3.2;0.7;0.2;0.3;0.8;1.9;5.6;
Kevin Porter;32;WSB;NBA;PG;11;0;19.1;1.9;3.6;0.53;0.0;0.0;;1.9;3.6;0.53;0.53;0.5;0.5;0.83;0.2;0.3;0.5;4.2;0.9;0.0;1.9;2.7;4.3;
Jericho Sims;26;MIL;NBA;C;14;0;15.0;1.2;1.8;0.68;0.0;0.0;;1.2;1.8;0.68;0.68;0.0;0.0;;1.4;3.4;4.9;0.8;0.1;0.6;0.9;1.4;2.4;
Ryan Rollins;22;MIL;NBA;PG;50;14;13.8;2.2;4.5;0.49;0.8;2.1;0.40;1.4;2.5;0.56;0.58;0.6;0.8;0.82;0.4;1.5;1.9;1.6;0.7;0.3;0.9;1.5;5.9;
Jamaree Bouyea;25;MIL;NBA;PG;2;0;3.5;0.5;0.5;1.00;0.0;0.0;;0.5;0.5;1.00;1.00;0.0;0.0;;0.0;0.0;0.0;0.5;0.5;0.0;1.0;0.0;1.0;
AJ Green;25;MIL;NBA;SG;66;6;22.7;2.5;5.9;0.42;2.1;5.0;0.41;0.4;0.8;0.47;0.60;0.3;0.4;0.83;0.2;2.0;2.3;1.5;0.5;0.1;0.6;2.2;7.4;
Stanley Umude;25;MIL;NBA;SG;20;0;3.3;0.2;1.2;0.17;0.1;0.7;0.15;0.1;0.5;0.20;0.22;0.1;0.2;0.50;0.2;0.6;0.8;0.2;0.2;0.2;0.1;0.3;0.6;
Andre Jackson;23;MIL;NBA;SG;62;43;14.9;1.4;3.0;0.47;0.5;1.2;0.39;0.9;1.8;0.52;0.54;0.2;0.4;0.55;1.0;1.8;2.8;1.3;0.5;0.2;0.9;1.8;3.5;
Chris Livingston;21;MIL;NBA;SF;18;1;4.4;0.4;1.2;0.33;0.0;0.4;0.00;0.4;0.8;0.50;0.33;0.4;0.7;0.67;0.4;0.9;1.3;0.1;0.3;0.0;0.3;0.3;1.2;
Pete Nance;24;MIL;NBA;PF;3;0;4.0;0.3;1.0;0.33;0.0;0.7;0.00;0.3;0.3;1.00;0.33;0.0;0.0;;0.0;0.0;0.0;0.0;0.0;0.0;0.0;0.3;0.7;
Garrett Temple;38;TOR;NBA;SG;25;0;7.3;0.4;1.7;0.21;0.2;0.8;0.25;0.2;0.9;0.18;0.27;0.4;0.4;0.90;0.2;0.8;1.0;1.0;0.6;0.1;0.4;0.9;1.3;
Brandon Ingram;27;NOP;NBA;SF;18;18;33.1;8.6;18.5;0.47;2.4;6.4;0.37;6.2;12.1;0.51;0.53;2.6;3.1;0.85;0.9;4.6;5.6;5.2;0.9;0.6;3.8;2.5;22.2;
Jakob Poeltl;29;TOR;NBA;C;56;55;29.6;6.4;10.1;0.63;0.0;0.1;0.33;6.4;10.1;0.63;0.63;1.7;2.6;0.67;3.3;6.3;9.6;2.8;1.2;1.2;1.9;3.1;14.5;
Chris Boucher;32;TOR;NBA;PF;50;0;17.2;3.6;7.4;0.49;1.4;3.9;0.36;2.2;3.5;0.63;0.59;1.4;1.7;0.78;1.4;3.1;4.5;0.7;0.5;0.5;0.6;1.4;10.0;
RJ Barrett;24;TOR;NBA;SF;55;55;32.7;8.1;17.0;0.47;1.9;5.3;0.36;6.2;11.8;0.52;0.53;3.5;5.4;0.64;1.0;5.4;6.4;5.6;0.8;0.3;3.0;2.5;21.5;
Immanuel Quickley;25;TOR;NBA;PG;31;31;28.2;5.7;13.4;0.42;2.6;6.8;0.38;3.1;6.6;0.47;0.52;3.5;4.1;0.86;0.5;3.0;3.5;5.9;0.7;0.1;1.8;1.9;17.5;
Scottie Barnes;23;TOR;NBA;PF;61;61;33.1;7.2;16.3;0.44;1.2;4.4;0.27;6.0;11.9;0.51;0.48;3.6;4.7;0.77;1.7;6.0;7.7;5.9;1.5;1.0;2.9;1.8;19.2;
Ochai Agbaji;24;TOR;NBA;SG;60;42;26.9;4.0;8.0;0.50;1.5;3.8;0.39;2.5;4.3;0.59;0.59;0.6;0.8;0.70;0.9;2.9;3.8;1.6;0.8;0.5;0.8;1.9;10.0;
Cole Swider;25;TOR;NBA;SF;4;0;19.5;2.8;6.8;0.41;1.8;5.3;0.33;1.0;1.5;0.67;0.54;0.0;0.3;0.00;0.5;1.8;2.3;0.0;0.5;0.3;0.0;1.5;7.3;
Jared Rhoden;25;TOR;NBA;SG;7;2;21.6;3.6;7.9;0.46;1.3;3.9;0.33;2.3;4.0;0.57;0.54;2.3;2.7;0.84;1.3;2.4;3.7;1.0;0.9;0.3;0.9;1.7;10.7;
Orlando Robinson;24;TOR;NBA;C;31;6;19.8;3.0;6.7;0.45;0.5;1.2;0.37;2.5;5.5;0.46;0.48;1.5;1.8;0.82;2.3;3.5;5.8;1.9;0.4;0.5;1.2;2.6;7.9;
Gradey Dick;21;TOR;NBA;SG;54;54;29.4;4.9;12.0;0.41;2.1;6.0;0.35;2.8;5.9;0.47;0.50;2.5;2.9;0.86;0.8;2.8;3.6;1.8;0.9;0.2;1.5;2.2;14.4;
Ja'Kobe Walter;20;TOR;NBA;SG;49;15;20.9;3.0;7.4;0.40;1.2;3.4;0.34;1.8;4.0;0.45;0.48;1.2;1.6;0.78;1.1;1.9;3.0;1.5;0.8;0.2;0.9;1.8;8.4;
Jonathan Mogbo;23;TOR;NBA;PF;57;13;19.1;2.2;5.0;0.44;0.3;1.0;0.28;1.9;4.0;0.48;0.47;1.0;1.4;0.73;1.7;2.8;4.5;1.8;0.8;0.5;0.9;2.1;5.6;
Jamal Shead;22;TOR;NBA;PG;70;7;18.8;2.6;6.4;0.41;0.9;2.9;0.33;1.7;3.6;0.48;0.48;0.6;0.8;0.76;0.4;1.1;1.5;4.0;0.7;0.1;1.5;2.0;6.9;
Jamison Battle;23;TOR;NBA;SF;53;7;16.4;2.3;5.4;0.42;1.6;4.0;0.40;0.7;1.4;0.49;0.57;0.3;0.3;0.89;0.6;1.9;2.5;0.9;0.2;0.2;0.4;1.4;6.5;
Jerami Grant;30;POR;NBA;PF;47;47;32.4;4.6;12.2;0.37;2.3;6.3;0.36;2.3;5.9;0.38;0.47;3.0;3.5;0.85;0.6;2.9;3.5;2.1;0.9;1.0;1.4;2.3;14.4;
Deandre Ayton;26;POR;NBA;C;40;40;30.2;6.6;11.7;0.57;0.2;0.8;0.19;6.5;10.9;0.59;0.57;1.0;1.5;0.67;3.1;7.1;10.2;1.6;0.8;1.0;1.7;2.2;14.4;
Anfernee Simons;25;POR;NBA;SG;70;70;32.7;6.8;16.1;0.43;3.1;8.5;0.36;3.8;7.6;0.50;0.52;2.5;2.8;0.90;0.4;2.3;2.7;4.8;0.9;0.1;2.0;1.7;19.3;
Duop Reath;28;POR;NBA;C;44;0;10.4;1.6;3.7;0.42;0.8;2.4;0.32;0.8;1.3;0.60;0.53;0.5;0.5;0.91;1.0;1.0;2.0;0.6;0.3;0.3;0.4;0.9;4.4;
Matisse Thybulle;27;POR;NBA;SG;9;0;16.7;2.4;5.2;0.47;1.1;3.0;0.37;1.3;2.2;0.60;0.57;0.2;0.4;0.50;0.8;2.3;3.1;1.7;2.3;0.4;0.8;0.4;6.2;
Deni Avdija;24;POR;NBA;SF;70;52;29.9;5.4;11.4;0.48;1.7;4.7;0.37;3.7;6.7;0.55;0.55;3.9;5.1;0.78;1.4;5.7;7.1;3.9;1.0;0.5;2.7;2.4;16.5;
Dalano Banton;25;POR;NBA;PG;61;1;15.0;2.6;6.6;0.40;1.0;2.9;0.35;1.6;3.7;0.44;0.48;1.2;1.7;0.72;0.4;1.5;1.9;2.2;0.7;0.5;1.1;0.8;7.5;
Shaedon Sharpe;21;POR;NBA;SG;68;48;31.1;6.8;15.0;0.45;2.0;6.4;0.31;4.8;8.6;0.56;0.52;2.5;3.2;0.79;1.0;3.4;4.4;2.6;0.8;0.2;2.0;1.7;18.0;
Bryce McGowens;22;POR;NBA;SG;13;0;2.5;0.3;1.1;0.29;0.0;0.3;0.00;0.3;0.8;0.40;0.29;0.4;0.5;0.83;0.2;0.1;0.2;0.2;0.1;0.0;0.3;0.2;1.0;
Jabari Walker;22;POR;NBA;SF;54;1;11.4;1.7;3.4;0.51;0.4;1.1;0.39;1.3;2.3;0.56;0.57;0.7;1.0;0.68;1.0;2.4;3.4;0.6;0.5;0.1;0.5;1.4;4.6;
Justin Minaya;25;POR;NBA;SF;13;0;2.2;0.1;0.4;0.20;0.0;0.2;0.00;0.1;0.2;0.50;0.20;0.0;0.2;0.00;0.2;0.2;0.3;0.2;0.1;0.0;0.0;0.2;0.2;
Scoot Henderson;20;POR;NBA;PG;66;10;26.7;4.3;10.4;0.42;1.6;4.5;0.35;2.8;5.9;0.47;0.50;2.4;3.1;0.77;0.8;2.2;3.0;5.1;1.0;0.2;2.7;2.7;12.7;
Rayan Rupert;20;POR;NBA;SG;46;0;6.9;0.7;1.8;0.39;0.2;0.8;0.27;0.5;1.0;0.49;0.45;0.3;0.4;0.75;0.5;0.5;1.0;0.4;0.2;0.0;0.5;0.5;1.9;
Kris Murray;24;POR;NBA;SF;63;4;13.9;1.6;3.6;0.43;0.4;1.5;0.24;1.2;2.1;0.56;0.48;0.3;0.8;0.40;1.0;1.4;2.4;0.8;0.5;0.2;0.5;0.9;3.8;
Sidy Cissoko;20;POR;NBA;SF;3;0;2.0;0.0;0.0;;0.0;0.0;;0.0;0.0;;;0.0;0.0;;0.3;0.0;0.3;0.0;0.0;0.0;0.3;0.3;0.0;
Toumani Camara;24;POR;NBA;PF;73;73;32.9;4.2;9.0;0.46;1.7;4.5;0.38;2.5;4.5;0.55;0.56;1.2;1.6;0.72;2.3;3.5;5.8;2.2;1.5;0.7;1.4;3.0;11.2;
Donovan Clingan;20;POR;NBA;C;61;31;19.0;2.5;4.7;0.54;0.2;0.6;0.31;2.3;4.0;0.58;0.56;0.9;1.5;0.60;3.0;4.4;7.4;1.1;0.5;1.6;1.1;2.8;6.1;
LeBron James;40;LAL;NBA;SF;64;64;35.1;9.3;18.3;0.51;2.1;5.7;0.37;7.2;12.6;0.57;0.57;3.6;4.6;0.77;1.0;7.1;8.1;8.4;1.0;0.6;3.8;1.4;24.4;
Alex Len;31;LAL;NBA;C;9;3;12.1;0.9;2.0;0.44;0.1;0.2;0.50;0.8;1.8;0.44;0.47;0.1;0.4;0.25;1.4;1.8;3.2;0.8;0.1;0.2;0.7;1.7;2.0;
Dorian Finney-Smith;31;LAL;NBA;PF;37;18;28.5;2.8;6.4;0.44;1.8;4.6;0.39;1.0;1.8;0.57;0.58;0.4;0.5;0.68;1.2;2.6;3.8;1.3;1.0;0.2;0.9;1.9;7.7;
Luka Dončić;25;LAL;NBA;PG;22;22;35.1;8.3;20.0;0.41;3.5;9.8;0.36;4.7;10.1;0.47;0.50;7.1;9.0;0.79;0.9;7.5;8.5;7.9;1.7;0.5;4.0;2.5;27.2;
Jarred Vanderbilt;25;LAL;NBA;PF;30;2;16.2;1.6;3.4;0.48;0.3;1.0;0.29;1.3;2.3;0.57;0.53;0.5;0.9;0.54;1.7;3.2;5.0;1.3;1.0;0.2;0.7;1.9;4.1;
Shake Milton;28;LAL;NBA;SG;26;0;11.3;1.4;3.1;0.45;0.3;1.2;0.30;1.0;1.9;0.54;0.51;0.7;0.8;0.85;0.5;1.3;1.9;1.3;0.3;0.1;0.7;0.8;3.8;
Gabe Vincent;28;LAL;NBA;PG;66;11;21.2;2.4;5.9;0.41;1.5;4.3;0.36;0.8;1.6;0.52;0.54;0.2;0.3;0.71;0.3;1.0;1.3;1.4;0.7;0.2;0.6;2.1;6.6;
Jaxson Hayes;28;NJN;NBA;SF;45;19;23.0;3.1;7.3;0.42;1.3;4.0;0.34;1.7;3.3;0.52;0.51;0.3;0.4;0.78;0.2;2.2;2.4;0.9;0.6;0.2;0.6;2.0;7.8;
Rui Hachimura;26;LAL;NBA;PF;55;53;31.5;4.9;9.7;0.51;1.7;4.1;0.41;3.2;5.6;0.57;0.59;1.4;1.9;0.77;1.3;3.7;5.0;1.4;0.8;0.5;0.8;1.7;12.9;
Austin Reaves;26;LAL;NBA;SG;67;67;34.8;6.5;14.2;0.46;2.6;7.2;0.36;3.9;7.0;0.55;0.55;4.4;5.0;0.88;0.8;3.7;4.5;5.9;1.1;0.3;2.4;2.0;19.9;
Jordan Goodwin;26;LAL;NBA;PG;22;5;19.4;2.4;5.0;0.47;1.0;2.4;0.40;1.4;2.7;0.53;0.56;0.4;0.5;0.82;1.4;2.2;3.6;1.4;1.0;0.5;0.8;1.6;6.1;
Christian Koloko;24;LAL;NBA;C;34;0;9.4;1.1;1.8;0.61;0.0;0.1;0.00;1.1;1.7;0.64;0.61;0.2;0.3;0.80;0.9;1.5;2.4;0.5;0.2;0.3;0.4;1.2;2.5;
Dalton Knecht;23;LAL;NBA;SF;72;15;19.6;3.3;7.2;0.46;1.6;4.4;0.37;1.7;2.8;0.60;0.57;0.8;1.1;0.75;0.5;2.4;2.8;0.9;0.3;0.1;0.5;1.3;9.1;
Draymond Green;34;GSW;NBA;PF;61;59;29.0;3.2;7.6;0.43;1.1;3.6;0.32;2.1;3.9;0.53;0.50;1.6;2.3;0.70;1.1;5.1;6.2;5.7;1.5;1.0;2.5;3.2;9.2;
Stephen Curry;36;GSW;NBA;PG;63;63;32.1;8.0;17.9;0.45;4.5;11.2;0.40;3.5;6.7;0.53;0.57;4.0;4.3;0.93;0.5;3.9;4.4;6.1;1.2;0.4;2.9;1.4;24.4;
Jimmy Butler ;35;GSW;NBA;SF;23;23;32.3;5.2;11.5;0.45;0.6;2.4;0.23;4.7;9.1;0.51;0.48;6.5;7.6;0.86;2.5;3.6;6.1;6.2;1.4;0.3;1.7;1.0;17.5;
Kevon Looney;28;GSW;NBA;C;69;6;15.0;1.9;3.8;0.51;0.0;0.1;0.40;1.9;3.7;0.51;0.51;0.7;1.3;0.55;2.6;3.7;6.2;1.6;0.6;0.5;0.5;2.1;4.6;
Buddy Hield;32;GSW;NBA;SG;75;22;23.0;4.0;9.6;0.42;2.5;6.7;0.37;1.6;2.9;0.53;0.55;0.7;0.9;0.83;0.6;2.7;3.3;1.7;0.9;0.3;1.2;1.6;11.3;
Gary Payton;38;MIA;NBA;PG;68;28;22.1;2.1;5.4;0.39;0.5;1.8;0.26;1.6;3.6;0.46;0.44;0.6;0.8;0.67;0.3;1.7;1.9;3.0;0.6;0.0;1.0;1.7;5.3;
Kevin Knox;25;GSW;NBA;SF;10;0;6.9;1.4;2.8;0.50;0.3;1.1;0.27;1.1;1.7;0.65;0.55;0.3;0.4;0.75;0.6;0.8;1.4;0.4;0.2;0.4;0.1;0.5;3.4;
Moses Moody;22;GSW;NBA;SG;67;27;22.1;3.4;7.8;0.44;1.7;4.6;0.37;1.7;3.1;0.54;0.55;1.5;1.9;0.80;0.7;1.8;2.5;1.3;0.7;0.4;0.7;1.5;10.1;
Jonathan Kuminga;22;GSW;NBA;PF;41;10;25.0;5.7;12.5;0.46;1.0;3.3;0.32;4.6;9.2;0.50;0.50;3.5;5.3;0.67;1.2;3.4;4.6;2.2;0.9;0.5;1.5;1.9;16.0;
Braxton Key;26;DEN;NBA;SF;20;0;3.0;0.4;0.9;0.41;0.1;0.3;0.40;0.3;0.6;0.42;0.47;0.3;0.4;0.75;0.2;0.8;0.9;0.5;0.1;0.1;0.1;0.3;1.1;
Gui Santos;22;GSW;NBA;PF;50;2;14.0;1.6;3.4;0.47;0.7;1.9;0.35;0.9;1.5;0.63;0.57;0.5;0.8;0.71;1.3;1.9;3.1;1.4;0.4;0.2;0.8;1.7;4.4;
Pat Spencer;28;GSW;NBA;PG;35;0;6.6;1.1;2.7;0.39;0.1;0.5;0.16;1.0;2.1;0.45;0.41;0.3;0.4;0.73;0.4;0.8;1.3;1.2;0.3;0.1;0.4;0.6;2.5;
Trayce Jackson-Davis;24;IND;NBA;SG;2;0;5.0;0.5;2.0;0.25;0.0;0.0;;0.5;2.0;0.25;0.25;2.0;2.0;1.00;0.5;0.0;0.5;0.0;0.0;0.0;0.5;1.5;3.0;
Brandin Podziemski;21;GSW;NBA;SG;57;26;26.1;4.1;9.4;0.43;1.6;4.6;0.34;2.5;4.8;0.51;0.52;1.1;1.5;0.75;1.0;3.9;4.9;3.3;1.1;0.2;1.1;1.5;10.8;
Quinten Post;24;GSW;NBA;PF;37;14;16.9;3.2;6.9;0.46;1.9;4.6;0.41;1.3;2.4;0.53;0.59;0.5;0.6;0.81;0.9;2.8;3.7;1.5;0.4;0.5;0.9;2.1;8.7;
Jackson Rowe;28;GSW;NBA;PF;5;0;8.6;1.2;3.0;0.40;0.4;1.8;0.22;0.8;1.2;0.67;0.47;0.4;0.8;0.50;0.0;1.6;1.6;0.6;0.6;0.0;0.2;0.8;3.2;
